<?xml version="1.0" encoding="UTF-8"?>
<project-private xmlns="http://www.netbeans.org/ns/project-private/1">
    <editor-bookmarks xmlns="http://www.netbeans.org/ns/editor-bookmarks/2" lastBookmarkId="0"/>
    <open-files xmlns="http://www.netbeans.org/ns/projectui-open-files/2">
        <group>
            <file>file:/C:/wamp/www/peral/getadg.php</file>
            <file>file:/C:/wamp/www/peral/getrep.php</file>
            <file>file:/C:/wamp/www/peral/Credentials.php</file>
            <file>file:/C:/wamp/www/peral/adsapi_php.ini</file>
            <file>file:/C:/wamp/www/peral/report_download.php</file>
            <file>file:/C:/wamp/www/peral/getcmp.php</file>
            <file>file:/C:/wamp/www/peral/bidupdate.php</file>
            <file>file:/C:/wamp/www/peral/Advertising.php</file>
            <file>file:/C:/wamp/www/peral/getkwd.php</file>
            <file>file:/C:/wamp/www/peral/updkwd.php</file>
            <file>file:/C:/wamp/www/peral/getact.php</file>
            <file>file:/C:/wamp/www/peral/index.php</file>
        </group>
    </open-files>
</project-private>
